# port armour item	its 1.7.10 LOTRMaterial (for the full-set achievements)
lotr:bronze_helmet	BRONZE
lotr:bronze_chestplate	BRONZE
lotr:bronze_leggings	BRONZE
lotr:bronze_boots	BRONZE
lotr:mordor_helmet	MORDOR
lotr:mordor_chestplate	MORDOR
lotr:mordor_leggings	MORDOR
lotr:mordor_boots	MORDOR
lotr:gondor_helmet	GONDOR
lotr:gondor_chestplate	GONDOR
lotr:gondor_leggings	GONDOR
lotr:gondor_boots	GONDOR
lotr:mithril_helmet	MITHRIL
lotr:mithril_chestplate	MITHRIL
lotr:mithril_leggings	MITHRIL
lotr:mithril_boots	MITHRIL
lotr:galadhrim_helmet	GALADHRIM
lotr:galadhrim_chestplate	GALADHRIM
lotr:galadhrim_leggings	GALADHRIM
lotr:galadhrim_boots	GALADHRIM
lotr:fur_hat	FUR
lotr:fur_tunic	FUR
lotr:fur_leggings	FUR
lotr:fur_boots	FUR
lotr:dwarven_helmet	DWARVEN
lotr:dwarven_chestplate	DWARVEN
lotr:dwarven_leggings	DWARVEN
lotr:dwarven_boots	DWARVEN
lotr:galvorn_helmet	GALVORN
lotr:galvorn_chestplate	GALVORN
lotr:galvorn_leggings	GALVORN
lotr:galvorn_boots	GALVORN
lotr:uruk_helmet	URUK
lotr:uruk_chestplate	URUK
lotr:uruk_leggings	URUK
lotr:uruk_boots	URUK
lotr:wood_elven_scout_hood	WOOD_ELVEN_SCOUT
lotr:wood_elven_scout_tunic	WOOD_ELVEN_SCOUT
lotr:wood_elven_scout_leggings	WOOD_ELVEN_SCOUT
lotr:wood_elven_scout_boots	WOOD_ELVEN_SCOUT
lotr:rohirric_coif	ROHAN
lotr:rohirric_hauberk	ROHAN
lotr:rohirric_leggings	ROHAN
lotr:rohirric_boots	ROHAN
lotr:gondor_winged_helmet	GONDOR
lotr:ranger_hood	RANGER
lotr:ranger_tunic	RANGER
lotr:ranger_leggings	RANGER
lotr:ranger_boots	RANGER
lotr:dunlending_helmet	DUNLENDING
lotr:dunlending_chestplate	DUNLENDING
lotr:dunlending_leggings	DUNLENDING
lotr:dunlending_boots	DUNLENDING
lotr:morgul_helmet	MORGUL
lotr:morgul_chestplate	MORGUL
lotr:morgul_leggings	MORGUL
lotr:morgul_boots	MORGUL
lotr:wood_elven_helmet	WOOD_ELVEN
lotr:wood_elven_chestplate	WOOD_ELVEN
lotr:wood_elven_leggings	WOOD_ELVEN
lotr:wood_elven_boots	WOOD_ELVEN
lotr:angmar_helmet	ANGMAR
lotr:angmar_chestplate	ANGMAR
lotr:angmar_leggings	ANGMAR
lotr:angmar_boots	ANGMAR
lotr:coast_southron_helmet	NEAR_HARAD
lotr:coast_southron_chestplate	NEAR_HARAD
lotr:coast_southron_leggings	NEAR_HARAD
lotr:coast_southron_boots	NEAR_HARAD
lotr:gemsbok_hide_helmet	GEMSBOK
lotr:gemsbok_hide_chestplate	GEMSBOK
lotr:gemsbok_hide_leggings	GEMSBOK
lotr:gemsbok_hide_boots	GEMSBOK
lotr:lindon_helmet	HIGH_ELVEN
lotr:lindon_chestplate	HIGH_ELVEN
lotr:lindon_leggings	HIGH_ELVEN
lotr:lindon_boots	HIGH_ELVEN
lotr:blue_dwarven_helmet	BLUE_DWARVEN
lotr:blue_dwarven_chestplate	BLUE_DWARVEN
lotr:blue_dwarven_leggings	BLUE_DWARVEN
lotr:blue_dwarven_boots	BLUE_DWARVEN
lotr:dol_guldur_helmet	DOL_GULDUR
lotr:dol_guldur_chestplate	DOL_GULDUR
lotr:dol_guldur_leggings	DOL_GULDUR
lotr:dol_guldur_boots	DOL_GULDUR
lotr:utumno_helmet	UTUMNO
lotr:utumno_chestplate	UTUMNO
lotr:utumno_leggings	UTUMNO
lotr:utumno_boots	UTUMNO
lotr:black_uruk_helmet	BLACK_URUK
lotr:black_uruk_chestplate	BLACK_URUK
lotr:black_uruk_leggings	BLACK_URUK
lotr:black_uruk_boots	BLACK_URUK
lotr:southron_champion_helmet	NEAR_HARAD
lotr:half_troll_helmet	HALF_TROLL
lotr:half_troll_chestplate	HALF_TROLL
lotr:half_troll_leggings	HALF_TROLL
lotr:half_troll_boots	HALF_TROLL
lotr:silver_trimmed_dwarven_helmet	DWARVEN
lotr:silver_trimmed_dwarven_chestplate	DWARVEN
lotr:silver_trimmed_dwarven_leggings	DWARVEN
lotr:silver_trimmed_dwarven_boots	DWARVEN
lotr:gold_trimmed_dwarven_helmet	DWARVEN
lotr:gold_trimmed_dwarven_chestplate	DWARVEN
lotr:gold_trimmed_dwarven_leggings	DWARVEN
lotr:gold_trimmed_dwarven_boots	DWARVEN
lotr:mithril_trimmed_dwarven_helmet	DWARVEN
lotr:mithril_trimmed_dwarven_chestplate	DWARVEN
lotr:mithril_trimmed_dwarven_leggings	DWARVEN
lotr:mithril_trimmed_dwarven_boots	DWARVEN
lotr:dol_amroth_helmet	DOL_AMROTH
lotr:dol_amroth_chestplate	DOL_AMROTH
lotr:dol_amroth_leggings	DOL_AMROTH
lotr:dol_amroth_boots	DOL_AMROTH
lotr:morwaith_helmet	MOREDAIN
lotr:morwaith_chestplate	MOREDAIN
lotr:morwaith_leggings	MOREDAIN
lotr:morwaith_boots	MOREDAIN
lotr:morwaith_chieftain_helmet	MOREDAIN_LION_ARMOR
lotr:morwaith_chieftain_chestplate	MOREDAIN_LION_ARMOR
lotr:morwaith_chieftain_leggings	MOREDAIN_LION_ARMOR
lotr:morwaith_chieftain_boots	MOREDAIN_LION_ARMOR
lotr:bone_helmet	BONE
lotr:bone_chestplate	BONE
lotr:bone_leggings	BONE
lotr:bone_boots	BONE
lotr:gondolin_helmet	GONDOLIN
lotr:gondolin_chestplate	GONDOLIN
lotr:gondolin_leggings	GONDOLIN
lotr:gondolin_boots	GONDOLIN
lotr:rohirric_marshal_helmet	ROHAN_MARSHAL
lotr:rohirric_marshal_chestplate	ROHAN_MARSHAL
lotr:rohirric_marshal_leggings	ROHAN_MARSHAL
lotr:rohirric_marshal_boots	ROHAN_MARSHAL
lotr:taurethrim_helmet	TAUREDAIN
lotr:taurethrim_chestplate	TAUREDAIN
lotr:taurethrim_leggings	TAUREDAIN
lotr:taurethrim_boots	TAUREDAIN
lotr:taurethrim_chieftain_helmet	TAUREDAIN
lotr:galadhrim_cloak_hood	HITHLAIN
lotr:galadhrim_cloak_tunic	HITHLAIN
lotr:galadhrim_cloak_leggings	HITHLAIN
lotr:galadhrim_cloak_boots	HITHLAIN
lotr:golden_taurethrim_helmet	TAUREDAIN_GOLD
lotr:golden_taurethrim_chestplate	TAUREDAIN_GOLD
lotr:golden_taurethrim_leggings	TAUREDAIN_GOLD
lotr:golden_taurethrim_boots	TAUREDAIN_GOLD
lotr:gundabad_uruk_helmet	GUNDABAD_URUK
lotr:gundabad_uruk_chestplate	GUNDABAD_URUK
lotr:gundabad_uruk_leggings	GUNDABAD_URUK
lotr:gundabad_uruk_boots	GUNDABAD_URUK
lotr:uruk_berserker_helmet	URUK
lotr:dale_helmet	DALE
lotr:dale_chestplate	DALE
lotr:dale_leggings	DALE
lotr:dale_boots	DALE
lotr:dorwinion_helmet	DORWINION
lotr:dorwinion_chestplate	DORWINION
lotr:dorwinion_leggings	DORWINION
lotr:dorwinion_boots	DORWINION
lotr:dorwinion_elven_helmet	DORWINION_ELF
lotr:dorwinion_elven_chestplate	DORWINION_ELF
lotr:dorwinion_elven_leggings	DORWINION_ELF
lotr:dorwinion_elven_boots	DORWINION_ELF
lotr:ithilien_ranger_hood	RANGER_ITHILIEN
lotr:ithilien_ranger_tunic	RANGER_ITHILIEN
lotr:ithilien_ranger_leggings	RANGER_ITHILIEN
lotr:ithilien_ranger_boots	RANGER_ITHILIEN
lotr:lossarnach_helmet	LOSSARNACH
lotr:lossarnach_chestplate	LOSSARNACH
lotr:lossarnach_leggings	LOSSARNACH
lotr:lossarnach_boots	LOSSARNACH
lotr:pelargir_helmet	PELARGIR
lotr:pelargir_chestplate	PELARGIR
lotr:pelargir_leggings	PELARGIR
lotr:pelargir_boots	PELARGIR
lotr:pinnath_gelin_helmet	PINNATH_GELIN
lotr:pinnath_gelin_chestplate	PINNATH_GELIN
lotr:pinnath_gelin_leggings	PINNATH_GELIN
lotr:pinnath_gelin_boots	PINNATH_GELIN
lotr:blackroot_vale_helmet	BLACKROOT
lotr:blackroot_vale_chestplate	BLACKROOT
lotr:blackroot_vale_leggings	BLACKROOT
lotr:blackroot_vale_boots	BLACKROOT
lotr:dol_amroth_gambeson	GAMBESON
lotr:dol_amroth_chaps	GAMBESON
lotr:gondor_gambeson	GAMBESON
lotr:lebennin_gambeson	GAMBESON
lotr:lamedon_helmet	LAMEDON
lotr:lamedon_chestplate	LAMEDON
lotr:lamedon_leggings	LAMEDON
lotr:lamedon_boots	LAMEDON
lotr:lamedon_jacket	JACKET
lotr:dale_gambeson	GAMBESON
lotr:arnor_helmet	ARNOR
lotr:arnor_chestplate	ARNOR
lotr:arnor_leggings	ARNOR
lotr:arnor_boots	ARNOR
lotr:rhunic_helmet	RHUN
lotr:rhunic_chestplate	RHUN
lotr:rhunic_leggings	RHUN
lotr:rhunic_boots	RHUN
lotr:golden_rhunic_helmet	RHUN_GOLD
lotr:golden_rhunic_chestplate	RHUN_GOLD
lotr:golden_rhunic_leggings	RHUN_GOLD
lotr:golden_rhunic_boots	RHUN_GOLD
lotr:rhunic_warlord_helmet	RHUN_GOLD
lotr:rivendell_helmet	RIVENDELL
lotr:rivendell_chestplate	RIVENDELL
lotr:rivendell_leggings	RIVENDELL
lotr:rivendell_boots	RIVENDELL
lotr:gulfen_helmet	GULF_HARAD
lotr:gulfen_chestplate	GULF_HARAD
lotr:gulfen_leggings	GULF_HARAD
lotr:gulfen_boots	GULF_HARAD
lotr:corsair_helmet	CORSAIR
lotr:corsair_chestplate	CORSAIR
lotr:corsair_leggings	CORSAIR
lotr:corsair_boots	CORSAIR
lotr:umbaric_helmet	UMBAR
lotr:umbaric_chestplate	UMBAR
lotr:umbaric_leggings	UMBAR
lotr:umbaric_boots	UMBAR
lotr:harnennor_helmet	HARNEDOR
lotr:harnennor_chestplate	HARNEDOR
lotr:harnennor_leggings	HARNEDOR
lotr:harnennor_boots	HARNEDOR
lotr:nomad_cap	HARAD_NOMAD
lotr:nomad_tunic	HARAD_NOMAD
lotr:nomad_leggings	HARAD_NOMAD
lotr:nomad_shoes	HARAD_NOMAD
lotr:black_numenorean_helmet	BLACK_NUMENOREAN
lotr:black_numenorean_chestplate	BLACK_NUMENOREAN
lotr:black_numenorean_leggings	BLACK_NUMENOREAN
lotr:black_numenorean_boots	BLACK_NUMENOREAN
