# old LOTRMod item field	metadata (* any)	port item
aleHorn	*	lotr:ale_horn
aleHornGold	*	lotr:golden_ale_horn
almond	*	lotr:almond
amber	*	lotr:amber
amethyst	*	lotr:amethyst
ancientItem	0	lotr:ancient_sword
ancientItem	1	lotr:ancient_dagger
ancientItem	2	lotr:ancient_helmet
ancientItem	3	lotr:ancient_chestplate
ancientItem	4	lotr:ancient_leggings
ancientItem	5	lotr:ancient_boots
ancientItemParts	0	lotr:ancient_sword_tip
ancientItemParts	1	lotr:ancient_sword_blade
ancientItemParts	2	lotr:ancient_sword_hilt
ancientItemParts	3	lotr:ancient_armor_plate
anduril	*	lotr:anduril
appleCrumbleItem	*	lotr:apple_crumble
appleGreen	*	lotr:green_apple
armorStandItem	*	minecraft:armor_stand
arrowPoisoned	*	lotr:poisoned_arrow
axeAngmar	*	lotr:angmar_axe
axeBlueDwarven	*	lotr:blue_dwarven_axe
axeBronze	*	lotr:bronze_axe
axeDolGuldur	*	lotr:dol_guldur_axe
axeDwarven	*	lotr:dwarven_axe
axeElven	*	lotr:galadhrim_axe
axeHighElven	*	lotr:lindon_axe
axeMallorn	*	lotr:mallorn_axe
axeMithril	*	lotr:mithril_axe
axeOrc	*	lotr:mordor_axe
axeRivendell	*	lotr:rivendell_axe
axeTauredain	*	lotr:taurethrim_axe
axeUruk	*	lotr:uruk_axe
axeWoodElven	*	lotr:wood_elven_axe
balrogFire	*	lotr:flame_of_udun
balrogWhip	*	lotr:balrog_whip
banana	*	lotr:banana
bananaBread	*	lotr:banana_bread
bananaCakeItem	*	lotr:banana_cake
banner	8	lotr:angmar_banner
banner	22	lotr:anorien_banner
banner	30	lotr:black_uruk_banner
banner	27	lotr:blackroot_vale_banner
banner	11	lotr:blue_mountains_banner
banner	41	lotr:bree_banner
banner	19	lotr:dale_banner
banner	16	lotr:dol_amroth_banner
banner	13	lotr:dol_guldur_banner
banner	20	lotr:dorwinion_banner
banner	5	lotr:dunland_banner
banner	7	lotr:durin_banner
banner	37	lotr:esgaroth_banner
banner	0	lotr:gondor_banner
banner	31	lotr:gondor_steward_banner
banner	14	lotr:gundabad_banner
banner	15	lotr:half_troll_banner
banner	40	lotr:harad_gulf_banner
banner	39	lotr:harad_nomad_banner
banner	10	lotr:high_elf_banner
banner	21	lotr:hobbit_banner
banner	6	lotr:isengard_banner
banner	23	lotr:ithilien_banner
banner	34	lotr:lamedon_banner
banner	25	lotr:lebennin_banner
banner	24	lotr:lossarnach_banner
banner	3	lotr:lothlorien_banner
banner	29	lotr:minas_morgul_banner
banner	4	lotr:mirkwood_banner
banner	2	lotr:mordor_banner
banner	17	lotr:moredain_banner
banner	32	lotr:nan_ungol_banner
banner	9	lotr:near_harad_banner
banner	26	lotr:pelargir_banner
banner	28	lotr:pinnath_gelin_banner
banner	12	lotr:ranger_banner
banner	33	lotr:rhudaur_banner
banner	35	lotr:rhun_banner
banner	36	lotr:rivendell_banner
banner	1	lotr:rohan_banner
banner	18	lotr:tauredain_banner
banner	38	lotr:umbar_banner
battleaxeAngmar	*	lotr:angmar_battleaxe
battleaxeBlackUruk	*	lotr:black_uruk_battleaxe
battleaxeBlueDwarven	*	lotr:blue_dwarven_battleaxe
battleaxeBronze	*	lotr:bronze_battleaxe
battleaxeCorsair	*	lotr:corsair_battleaxe
battleaxeDale	*	lotr:dale_battleaxe
battleaxeDolGuldur	*	lotr:dol_guldur_battleaxe
battleaxeDwarven	*	lotr:dwarven_battleaxe
battleaxeGundabadUruk	*	lotr:gundabad_uruk_waraxe
battleaxeHalfTroll	*	lotr:half_troll_battleaxe
battleaxeIron	*	lotr:iron_battleaxe
battleaxeLossarnach	*	lotr:lossarnach_battleaxe
battleaxeMithril	*	lotr:mithril_battleaxe
battleaxeMoredain	*	lotr:morwaith_battleaxe
battleaxeOrc	*	lotr:mordor_battleaxe
battleaxeRhun	*	lotr:rhunic_battleaxe
battleaxeRohan	*	lotr:rohirric_battleaxe
battleaxeTauredain	*	lotr:taurethrim_battleaxe
battleaxeUruk	*	lotr:uruk_battleaxe
battleaxeUtumno	*	lotr:utumno_battleaxe
bearRug	*	lotr:light_bear_rug
berryPieItem	*	lotr:berry_pie
blackUrukBow	*	lotr:black_uruk_bow
blackUrukSteel	*	lotr:black_uruk_steel_ingot
blackberry	*	lotr:blackberries
blackrootBow	*	lotr:blackroot_bow
blackrootStick	*	lotr:blackroot_stick
blacksmithHammer	*	lotr:blacksmith_hammer
blueDwarfSteel	*	lotr:blue_dwarven_steel_ingot
blueberry	*	lotr:blueberries
boarArmorBlueDwarven	*	lotr:blue_dwarven_boar_armor
boarArmorDwarven	*	lotr:dwarven_boar_armor
bodyAngmar	*	lotr:angmar_chestplate
bodyArnor	*	lotr:arnor_chestplate
bodyBlackNumenorean	*	lotr:black_numenorean_chestplate
bodyBlackUruk	*	lotr:black_uruk_chestplate
bodyBlackroot	*	lotr:blackroot_vale_chestplate
bodyBlueDwarven	*	lotr:blue_dwarven_chestplate
bodyBone	*	lotr:bone_chestplate
bodyBronze	*	lotr:bronze_chestplate
bodyCorsair	*	lotr:corsair_chestplate
bodyDale	*	lotr:dale_chestplate
bodyDaleGambeson	*	lotr:dale_gambeson
bodyDolAmroth	*	lotr:dol_amroth_chestplate
bodyDolAmrothGambeson	*	lotr:dol_amroth_gambeson
bodyDolGuldur	*	lotr:dol_guldur_chestplate
bodyDorwinion	*	lotr:dorwinion_chestplate
bodyDorwinionElf	*	lotr:dorwinion_elven_chestplate
bodyDunlending	*	lotr:dunlending_chestplate
bodyDwarven	*	lotr:dwarven_chestplate
bodyDwarvenGold	*	lotr:gold_trimmed_dwarven_chestplate
bodyDwarvenMithril	*	lotr:mithril_trimmed_dwarven_chestplate
bodyDwarvenSilver	*	lotr:silver_trimmed_dwarven_chestplate
bodyElven	*	lotr:galadhrim_chestplate
bodyGalvorn	*	lotr:galvorn_chestplate
bodyGemsbok	*	lotr:gemsbok_hide_chestplate
bodyGondolin	*	lotr:gondolin_chestplate
bodyGondor	*	lotr:gondor_chestplate
bodyGondorGambeson	*	lotr:gondor_gambeson
bodyGulfHarad	*	lotr:gulfen_chestplate
bodyGundabadUruk	*	lotr:gundabad_uruk_chestplate
bodyHalfTroll	*	lotr:half_troll_chestplate
bodyHaradRobes	*	lotr:harad_robe
bodyHarnedor	*	lotr:harnennor_chestplate
bodyHighElven	*	lotr:lindon_chestplate
bodyHithlain	*	lotr:galadhrim_cloak_tunic
bodyKaftan	*	lotr:kaftan
bodyLamedon	*	lotr:lamedon_chestplate
bodyLamedonJacket	*	lotr:lamedon_jacket
bodyLebenninGambeson	*	lotr:lebennin_gambeson
bodyLossarnach	*	lotr:lossarnach_chestplate
bodyMithril	*	lotr:mithril_chestplate
bodyMoredain	*	lotr:morwaith_chestplate
bodyMoredainLion	*	lotr:morwaith_chieftain_chestplate
bodyMorgul	*	lotr:morgul_chestplate
bodyNearHarad	*	lotr:coast_southron_chestplate
bodyNomad	*	lotr:nomad_tunic
bodyOrc	*	lotr:mordor_chestplate
bodyPelargir	*	lotr:pelargir_chestplate
bodyPinnathGelin	*	lotr:pinnath_gelin_chestplate
bodyRanger	*	lotr:ranger_tunic
bodyRangerIthilien	*	lotr:ithilien_ranger_tunic
bodyRhun	*	lotr:rhunic_chestplate
bodyRhunGold	*	lotr:golden_rhunic_chestplate
bodyRivendell	*	lotr:rivendell_chestplate
bodyRohan	*	lotr:rohirric_hauberk
bodyRohanMarshal	*	lotr:rohirric_marshal_chestplate
bodyTauredain	*	lotr:taurethrim_chestplate
bodyTauredainGold	*	lotr:golden_taurethrim_chestplate
bodyUmbar	*	lotr:umbaric_chestplate
bodyUruk	*	lotr:uruk_chestplate
bodyUtumno	*	lotr:utumno_chestplate
bodyFur	*	lotr:fur_tunic
bodyWoodElven	*	lotr:wood_elven_chestplate
bodyWoodElvenScout	*	lotr:wood_elven_scout_tunic
bootsAngmar	*	lotr:angmar_boots
bootsArnor	*	lotr:arnor_boots
bootsBlackNumenorean	*	lotr:black_numenorean_boots
bootsBlackUruk	*	lotr:black_uruk_boots
bootsBlackroot	*	lotr:blackroot_vale_boots
bootsBlueDwarven	*	lotr:blue_dwarven_boots
bootsBone	*	lotr:bone_boots
bootsBronze	*	lotr:bronze_boots
bootsCorsair	*	lotr:corsair_boots
bootsDale	*	lotr:dale_boots
bootsDolAmroth	*	lotr:dol_amroth_boots
bootsDolGuldur	*	lotr:dol_guldur_boots
bootsDorwinion	*	lotr:dorwinion_boots
bootsDorwinionElf	*	lotr:dorwinion_elven_boots
bootsDunlending	*	lotr:dunlending_boots
bootsDwarven	*	lotr:dwarven_boots
bootsDwarvenGold	*	lotr:gold_trimmed_dwarven_boots
bootsDwarvenMithril	*	lotr:mithril_trimmed_dwarven_boots
bootsDwarvenSilver	*	lotr:silver_trimmed_dwarven_boots
bootsElven	*	lotr:galadhrim_boots
bootsGalvorn	*	lotr:galvorn_boots
bootsGemsbok	*	lotr:gemsbok_hide_boots
bootsGondolin	*	lotr:gondolin_boots
bootsGondor	*	lotr:gondor_boots
bootsGulfHarad	*	lotr:gulfen_boots
bootsGundabadUruk	*	lotr:gundabad_uruk_boots
bootsHalfTroll	*	lotr:half_troll_boots
bootsHaradRobes	*	lotr:harad_robe_shoes
bootsHarnedor	*	lotr:harnennor_boots
bootsHighElven	*	lotr:lindon_boots
bootsHithlain	*	lotr:galadhrim_cloak_boots
bootsLamedon	*	lotr:lamedon_boots
bootsLossarnach	*	lotr:lossarnach_boots
bootsMithril	*	lotr:mithril_boots
bootsMoredain	*	lotr:morwaith_boots
bootsMoredainLion	*	lotr:morwaith_chieftain_boots
bootsMorgul	*	lotr:morgul_boots
bootsNearHarad	*	lotr:coast_southron_boots
bootsNomad	*	lotr:nomad_shoes
bootsOrc	*	lotr:mordor_boots
bootsPelargir	*	lotr:pelargir_boots
bootsPinnathGelin	*	lotr:pinnath_gelin_boots
bootsRanger	*	lotr:ranger_boots
bootsRangerIthilien	*	lotr:ithilien_ranger_boots
bootsRhun	*	lotr:rhunic_boots
bootsRhunGold	*	lotr:golden_rhunic_boots
bootsRivendell	*	lotr:rivendell_boots
bootsRohan	*	lotr:rohirric_boots
bootsRohanMarshal	*	lotr:rohirric_marshal_boots
bootsTauredain	*	lotr:taurethrim_boots
bootsTauredainGold	*	lotr:golden_taurethrim_boots
bootsUmbar	*	lotr:umbaric_boots
bootsUruk	*	lotr:uruk_boots
bootsUtumno	*	lotr:utumno_boots
bootsFur	*	lotr:fur_boots
bootsWoodElven	*	lotr:wood_elven_boots
bootsWoodElvenScout	*	lotr:wood_elven_scout_boots
bossTrophy	1	lotr:mallorn_ent_trophy
bossTrophy	0	lotr:mountain_troll_chieftain_trophy
bottlePoison	*	lotr:bottle_of_poison
bountyTrophy	*	lotr:headhunters_trophy
bronze	*	lotr:bronze_ingot
bronzeCrossbow	*	lotr:bronze_crossbow
camelCooked	*	lotr:cooked_camel
camelRaw	*	lotr:raw_camel
ceramicMug	*	lotr:ceramic_mug
ceramicPlate	*	lotr:stoneware_plate
cherry	*	lotr:cherries
cherryPieItem	*	lotr:cherry_pie
chestnut	*	lotr:conker
chestnutRoast	*	lotr:roast_chestnut
chilling	*	lotr:chill_of_daedelos
chisel	*	lotr:chisel
chiselIthildin	*	lotr:moon_chisel
clayMug	*	lotr:clay_mug
clayPlate	*	lotr:clay_plate
clubMoredain	*	lotr:morwaith_club
silverCoin	1	lotr:silver_coin
silverCoin	10	lotr:silver_coin_stack
silverCoin	100	lotr:silver_coin_pile
commandHorn	1	lotr:command_horn
commandHorn	2	lotr:command_horn
commandHorn	3	lotr:command_horn
commandSword	*	lotr:command_sword
conquestHorn	*	lotr:warhorn
copper	*	minecraft:copper_ingot
coral	*	lotr:coral
corn	*	lotr:corn
cornBread	*	lotr:corn_bread
cornCooked	*	lotr:cooked_corn
cram	*	lotr:cram
cranberry	*	lotr:cranberries
crossbowBolt	*	lotr:crossbow_bolt
crossbowBoltPoisoned	*	lotr:poisoned_crossbow_bolt
daggerAncientHarad	*	lotr:old_haradric_sacrificial_dagger
daggerAngmar	*	lotr:angmar_dagger
daggerAngmarPoisoned	*	lotr:poisoned_angmar_dagger
daggerArnor	*	lotr:arnor_dagger
daggerArnorPoisoned	*	lotr:poisoned_arnor_dagger
daggerBarrow	*	lotr:barrow_blade
daggerBarrowPoisoned	*	lotr:poisoned_barrow_blade
daggerBlackNumenorean	*	lotr:black_numenorean_dagger
daggerBlackNumenoreanPoisoned	*	lotr:poisoned_black_numenorean_dagger
daggerBlackUruk	*	lotr:black_uruk_dagger
daggerBlackUrukPoisoned	*	lotr:poisoned_black_uruk_dagger
daggerBlueDwarven	*	lotr:blue_dwarven_dagger
daggerBlueDwarvenPoisoned	*	lotr:poisoned_blue_dwarven_dagger
daggerBronze	*	lotr:bronze_dagger
daggerBronzePoisoned	*	lotr:poisoned_bronze_dagger
daggerCorsair	*	lotr:corsair_dagger
daggerCorsairPoisoned	*	lotr:poisoned_corsair_dagger
daggerDale	*	lotr:dale_dagger
daggerDalePoisoned	*	lotr:poisoned_dale_dagger
daggerDolAmroth	*	lotr:dol_amroth_dagger
daggerDolAmrothPoisoned	*	lotr:poisoned_dol_amroth_dagger
daggerDolGuldur	*	lotr:dol_guldur_dagger
daggerDolGuldurPoisoned	*	lotr:poisoned_dol_guldur_dagger
daggerDorwinionElf	*	lotr:dorwinion_elven_dagger
daggerDorwinionElfPoisoned	*	lotr:poisoned_dorwinion_elven_dagger
daggerDwarven	*	lotr:dwarven_dagger
daggerDwarvenPoisoned	*	lotr:poisoned_dwarven_dagger
daggerElven	*	lotr:galadhrim_dagger
daggerElvenPoisoned	*	lotr:poisoned_galadhrim_dagger
daggerGondor	*	lotr:gondor_dagger
daggerGondorPoisoned	*	lotr:poisoned_gondor_dagger
daggerGundabadUruk	*	lotr:gundabad_uruk_dagger
daggerGundabadUrukPoisoned	*	lotr:poisoned_gundabad_uruk_dagger
daggerHalfTroll	*	lotr:half_troll_dagger
daggerHalfTrollPoisoned	*	lotr:poisoned_half_troll_dagger
daggerHarad	*	lotr:haradric_dagger
daggerHaradPoisoned	*	lotr:poisoned_haradric_dagger
daggerHighElven	*	lotr:lindon_dagger
daggerHighElvenPoisoned	*	lotr:poisoned_lindon_dagger
daggerIron	*	lotr:iron_dagger
daggerIronPoisoned	*	lotr:poisoned_iron_dagger
daggerMithril	*	lotr:mithril_dagger
daggerMithrilPoisoned	*	lotr:poisoned_mithril_dagger
daggerMoredain	*	lotr:morwaith_dagger
daggerMoredainPoisoned	*	lotr:poisoned_morwaith_dagger
daggerNearHarad	*	lotr:umbaric_dagger
daggerNearHaradPoisoned	*	lotr:poisoned_umbaric_dagger
daggerOrc	*	lotr:mordor_dagger
daggerOrcPoisoned	*	lotr:poisoned_mordor_dagger
daggerRhun	*	lotr:rhunic_dagger
daggerRhunPoisoned	*	lotr:poisoned_rhunic_dagger
daggerRivendell	*	lotr:rivendell_dagger
daggerRivendellPoisoned	*	lotr:poisoned_rivendell_dagger
daggerRohan	*	lotr:rohirric_dagger
daggerRohanPoisoned	*	lotr:poisoned_rohirric_dagger
daggerTauredain	*	lotr:taurethrim_dagger
daggerTauredainPoisoned	*	lotr:poisoned_taurethrim_dagger
daggerUruk	*	lotr:uruk_dagger
daggerUrukPoisoned	*	lotr:poisoned_uruk_dagger
daggerUtumno	*	lotr:utumno_dagger
daggerUtumnoPoisoned	*	lotr:poisoned_utumno_dagger
daggerWoodElven	*	lotr:wood_elven_dagger
daggerWoodElvenPoisoned	*	lotr:poisoned_wood_elven_dagger
daleBow	*	lotr:dale_bow
daleCracker	*	lotr:red_dalish_cracker
dalishPastryItem	*	lotr:dalish_pastry
date	*	lotr:date
deerCooked	*	lotr:cooked_venison
deerRaw	*	lotr:raw_venison
diamond	*	lotr:diamond
dorwinionElfBow	*	lotr:dorwinion_elven_bow
dunlendingClub	*	lotr:dunlending_club
dunlendingTrident	*	lotr:dunlending_trident
dwarfBone	*	lotr:dwarf_bone
dwarfSteel	*	lotr:dwarven_steel_ingot
dwarvenBedItem	*	lotr:dwarven_bed
dwarvenDoor	*	lotr:dwarven_door
dwarvenRing	*	lotr:dwarven_marriage_ring
dye	0	lotr:yellow_dye
dye	1	lotr:white_dye
dye	2	lotr:bluebell_blue
dye	3	lotr:clover_green
dye	4	lotr:charcoal_dust
dye	5	lotr:brown_dye
elderberry	*	lotr:elderberries
elfBone	*	lotr:elf_bone
elfSteel	*	lotr:elven_steel_ingot
elkArmorWoodElven	*	lotr:wood_elven_elk_armor
elvenBedItem	*	lotr:galadhrim_bed
elvenBow	*	lotr:galadhrim_bow
emerald	*	lotr:emerald
entDraught	0	lotr:ent_draught
entDraught	1	lotr:ent_draught
entDraught	2	lotr:ent_draught
entDraught	3	lotr:ent_draught
entDraught	4	lotr:ent_draught
entDraught	5	lotr:ent_draught
entDraught	6	lotr:ent_draught
featherDyed	*	lotr:feather_dyed
flax	*	lotr:flax
flaxSeeds	*	lotr:flax_seeds
galvorn	*	lotr:galvorn_ingot
gammon	*	lotr:gammon
gandalfStaffGrey	*	lotr:gandalf_staff_grey
gandalfStaffWhite	*	lotr:gandalf_staff_white
gateGear	*	lotr:gate_gears
gemsbokHide	*	lotr:gemsbok_hide
gemsbokHorn	*	lotr:gemsbok_horn
gildedIron	*	lotr:gilded_iron_ingot
giraffeRug	*	lotr:giraffe_rug
glamdring	*	lotr:glamdring
gobletCopper	*	lotr:copper_goblet
gobletGold	*	lotr:golden_goblet
gobletSilver	*	lotr:silver_goblet
gobletWood	*	lotr:wooden_cup
goldRing	*	lotr:gold_ring
gondorBow	*	lotr:gondor_bow
grapeRed	*	lotr:red_grapes
grapeWhite	*	lotr:green_grapes
guldurilCrystal	*	lotr:gulduril
gundabadUrukBow	*	lotr:gundabad_uruk_bow
halberdMithril	*	lotr:mithril_halberd
hammerAngmar	*	lotr:angmar_warhammer
hammerBlackUruk	*	lotr:black_uruk_warhammer
hammerBlueDwarven	*	lotr:blue_dwarven_warhammer
hammerDolGuldur	*	lotr:dol_guldur_warhammer
hammerDwarven	*	lotr:dwarven_warhammer
hammerGondor	*	lotr:gondor_warhammer
hammerGundabadUruk	*	lotr:gundabad_uruk_bludgeon
hammerHalfTroll	*	lotr:half_troll_warhammer
hammerMithril	*	lotr:mithril_warhammer
hammerOrc	*	lotr:mordor_warhammer
hammerTauredain	*	lotr:taurethrim_bludgeon
hammerUruk	*	lotr:uruk_warhammer
hammerUtumno	*	lotr:utumno_warhammer
helmetAngmar	*	lotr:angmar_helmet
helmetArnor	*	lotr:arnor_helmet
helmetBlackNumenorean	*	lotr:black_numenorean_helmet
helmetBlackUruk	*	lotr:black_uruk_helmet
helmetBlackroot	*	lotr:blackroot_vale_helmet
helmetBlueDwarven	*	lotr:blue_dwarven_helmet
helmetBone	*	lotr:bone_helmet
helmetBronze	*	lotr:bronze_helmet
helmetCorsair	*	lotr:corsair_helmet
helmetDale	*	lotr:dale_helmet
helmetDolAmroth	*	lotr:dol_amroth_helmet
helmetDolGuldur	*	lotr:dol_guldur_helmet
helmetDorwinion	*	lotr:dorwinion_helmet
helmetDorwinionElf	*	lotr:dorwinion_elven_helmet
helmetDunlending	*	lotr:dunlending_helmet
helmetDwarven	*	lotr:dwarven_helmet
helmetDwarvenGold	*	lotr:gold_trimmed_dwarven_helmet
helmetDwarvenMithril	*	lotr:mithril_trimmed_dwarven_helmet
helmetDwarvenSilver	*	lotr:silver_trimmed_dwarven_helmet
helmetElven	*	lotr:galadhrim_helmet
helmetGalvorn	*	lotr:galvorn_helmet
helmetGemsbok	*	lotr:gemsbok_hide_helmet
helmetGondolin	*	lotr:gondolin_helmet
helmetGondor	*	lotr:gondor_helmet
helmetGondorWinged	*	lotr:gondor_winged_helmet
helmetGulfHarad	*	lotr:gulfen_helmet
helmetGundabadUruk	*	lotr:gundabad_uruk_helmet
helmetHalfTroll	*	lotr:half_troll_helmet
helmetHaradRobes	*	lotr:harad_turban
helmetHarnedor	*	lotr:harnennor_helmet
helmetHighElven	*	lotr:lindon_helmet
helmetHithlain	*	lotr:galadhrim_cloak_hood
helmetLamedon	*	lotr:lamedon_helmet
helmetLossarnach	*	lotr:lossarnach_helmet
helmetMithril	*	lotr:mithril_helmet
helmetMoredain	*	lotr:morwaith_helmet
helmetMoredainLion	*	lotr:morwaith_chieftain_helmet
helmetMorgul	*	lotr:morgul_helmet
helmetNearHarad	*	lotr:coast_southron_helmet
helmetNearHaradWarlord	*	lotr:southron_champion_helmet
helmetNomad	*	lotr:nomad_cap
helmetOrc	*	lotr:mordor_helmet
helmetPelargir	*	lotr:pelargir_helmet
helmetPinnathGelin	*	lotr:pinnath_gelin_helmet
helmetRanger	*	lotr:ranger_hood
helmetRangerIthilien	*	lotr:ithilien_ranger_hood
helmetRhun	*	lotr:rhunic_helmet
helmetRhunGold	*	lotr:golden_rhunic_helmet
helmetRhunWarlord	*	lotr:rhunic_warlord_helmet
helmetRivendell	*	lotr:rivendell_helmet
helmetRohan	*	lotr:rohirric_coif
helmetRohanMarshal	*	lotr:rohirric_marshal_helmet
helmetTauredain	*	lotr:taurethrim_helmet
helmetTauredainChieftain	*	lotr:taurethrim_chieftain_helmet
helmetTauredainGold	*	lotr:golden_taurethrim_helmet
helmetUmbar	*	lotr:umbaric_helmet
helmetUruk	*	lotr:uruk_helmet
helmetUrukBerserker	*	lotr:uruk_berserker_helmet
helmetUtumno	*	lotr:utumno_helmet
helmetFur	*	lotr:fur_hat
helmetWoodElven	*	lotr:wood_elven_helmet
helmetWoodElvenScout	*	lotr:wood_elven_scout_hood
highElvenBedItem	*	lotr:high_elven_bed
highElvenBow	*	lotr:lindon_bow
hithlain	*	lotr:hithlain
hobbitBone	*	lotr:hobbit_bone
hobbitPancake	*	lotr:hobbit_pancake
hobbitPancakeMapleSyrup	*	lotr:hobbit_pancake_with_maple_syrup
hobbitPipe	*	lotr:smoking_pipe
hobbitRing	*	lotr:hobbit_marriage_ring
hoeAngmar	*	lotr:angmar_hoe
hoeBlueDwarven	*	lotr:blue_dwarven_hoe
hoeBronze	*	lotr:bronze_hoe
hoeDolGuldur	*	lotr:dol_guldur_hoe
hoeDwarven	*	lotr:dwarven_hoe
hoeElven	*	lotr:galadhrim_hoe
hoeHighElven	*	lotr:lindon_hoe
hoeMallorn	*	lotr:mallorn_hoe
hoeMithril	*	lotr:mithril_hoe
hoeOrc	*	lotr:mordor_hoe
hoeRivendell	*	lotr:rivendell_hoe
hoeTauredain	*	lotr:taurethrim_hoe
hoeUruk	*	lotr:uruk_hoe
hoeWoodElven	*	lotr:wood_elven_hoe
horn	*	lotr:horn
horseArmorDale	*	lotr:dale_horse_armor
horseArmorDiamond	*	lotr:diamond_horse_armor
horseArmorDolAmroth	*	lotr:dol_amroth_horse_armor
horseArmorGaladhrim	*	lotr:galadhrim_horse_armor
horseArmorGold	*	minecraft:golden_horse_armor
horseArmorGondor	*	lotr:gondor_horse_armor
horseArmorHighElven	*	lotr:lindon_horse_armor
horseArmorIron	*	minecraft:iron_horse_armor
horseArmorLamedon	*	lotr:lamedon_horse_armor
horseArmorMithril	*	lotr:mithril_horse_armor
horseArmorMorgul	*	lotr:morgul_horse_armor
horseArmorNearHarad	*	lotr:coast_southron_horse_armor
horseArmorRhunGold	*	lotr:rhunic_horse_armor
horseArmorRivendell	*	lotr:rivendell_horse_armor
horseArmorRohan	*	lotr:rohirric_horse_armor
horseArmorUmbar	*	lotr:umbaric_horse_armor
ironCrossbow	*	lotr:iron_crossbow
ironNugget	*	minecraft:iron_nugget
ithildin	*	lotr:ithildin
kebab	*	lotr:kebab
kineArawHorn	*	lotr:kine_of_araw_horn
lanceDolAmroth	*	lotr:dol_amroth_lance
lanceGondor	*	lotr:gondor_lance
lanceRohan	*	lotr:rohirric_lance
leatherHat	*	lotr:leather_hat
leek	*	lotr:leek
leekSoup	*	lotr:leek_soup
legsAngmar	*	lotr:angmar_leggings
legsArnor	*	lotr:arnor_leggings
legsBlackNumenorean	*	lotr:black_numenorean_leggings
legsBlackUruk	*	lotr:black_uruk_leggings
legsBlackroot	*	lotr:blackroot_vale_leggings
legsBlueDwarven	*	lotr:blue_dwarven_leggings
legsBone	*	lotr:bone_leggings
legsBronze	*	lotr:bronze_leggings
legsCorsair	*	lotr:corsair_leggings
legsDale	*	lotr:dale_leggings
legsDolAmroth	*	lotr:dol_amroth_leggings
legsDolAmrothGambeson	*	lotr:dol_amroth_chaps
legsDolGuldur	*	lotr:dol_guldur_leggings
legsDorwinion	*	lotr:dorwinion_leggings
legsDorwinionElf	*	lotr:dorwinion_elven_leggings
legsDunlending	*	lotr:dunlending_leggings
legsDwarven	*	lotr:dwarven_leggings
legsDwarvenGold	*	lotr:gold_trimmed_dwarven_leggings
legsDwarvenMithril	*	lotr:mithril_trimmed_dwarven_leggings
legsDwarvenSilver	*	lotr:silver_trimmed_dwarven_leggings
legsElven	*	lotr:galadhrim_leggings
legsGalvorn	*	lotr:galvorn_leggings
legsGemsbok	*	lotr:gemsbok_hide_leggings
legsGondolin	*	lotr:gondolin_leggings
legsGondor	*	lotr:gondor_leggings
legsGulfHarad	*	lotr:gulfen_leggings
legsGundabadUruk	*	lotr:gundabad_uruk_leggings
legsHalfTroll	*	lotr:half_troll_leggings
legsHaradRobes	*	lotr:harad_robe_leggings
legsHarnedor	*	lotr:harnennor_leggings
legsHighElven	*	lotr:lindon_leggings
legsHithlain	*	lotr:galadhrim_cloak_leggings
legsKaftan	*	lotr:kaftan_leggings
legsLamedon	*	lotr:lamedon_leggings
legsLossarnach	*	lotr:lossarnach_leggings
legsMithril	*	lotr:mithril_leggings
legsMoredain	*	lotr:morwaith_leggings
legsMoredainLion	*	lotr:morwaith_chieftain_leggings
legsMorgul	*	lotr:morgul_leggings
legsNearHarad	*	lotr:coast_southron_leggings
legsNomad	*	lotr:nomad_leggings
legsOrc	*	lotr:mordor_leggings
legsPelargir	*	lotr:pelargir_leggings
legsPinnathGelin	*	lotr:pinnath_gelin_leggings
legsRanger	*	lotr:ranger_leggings
legsRangerIthilien	*	lotr:ithilien_ranger_leggings
legsRhun	*	lotr:rhunic_leggings
legsRhunGold	*	lotr:golden_rhunic_leggings
legsRivendell	*	lotr:rivendell_leggings
legsRohan	*	lotr:rohirric_leggings
legsRohanMarshal	*	lotr:rohirric_marshal_leggings
legsTauredain	*	lotr:taurethrim_leggings
legsTauredainGold	*	lotr:golden_taurethrim_leggings
legsUmbar	*	lotr:umbaric_leggings
legsUruk	*	lotr:uruk_leggings
legsUtumno	*	lotr:utumno_leggings
legsFur	*	lotr:fur_leggings
legsWoodElven	*	lotr:wood_elven_leggings
legsWoodElvenScout	*	lotr:wood_elven_scout_leggings
lembas	*	lotr:lembas
lemon	*	lotr:lemon
lemonCakeItem	*	lotr:lemon_cake
lettuce	*	lotr:lettuce
lime	*	lotr:lime
lionBedItem	*	lotr:lion_fur_bed
lionCooked	*	lotr:cooked_lion
lionFur	*	lotr:lion_fur
lionRaw	*	lotr:raw_lion
lionRug	*	lotr:lion_rug
longspearDolAmroth	*	lotr:dol_amroth_longspear
longspearElven	*	lotr:galadhrim_longspear
longspearHighElven	*	lotr:lindon_longspear
longspearRivendell	*	lotr:rivendell_longspear
longspearWoodElven	*	lotr:wood_elven_longspear
maceBlackNumenorean	*	lotr:black_numenorean_mace
maceHalfTroll	*	lotr:half_troll_mace
maceMallornCharred	*	lotr:charred_mallorn_mace
maceNearHarad	*	lotr:umbaric_mace
maggotyBread	*	lotr:maggoty_bread
mallornBow	*	lotr:mallorn_bow
mallornNut	*	lotr:mallorn_nut
mallornStick	*	lotr:mallorn_stick
manFlesh	*	lotr:man_flesh
mango	*	lotr:mango
mapleSyrup	*	lotr:maple_syrup
marzipan	*	lotr:marchpane
marzipanChocolate	*	lotr:chocolate_marchpane
mattockBlueDwarven	*	lotr:blue_dwarven_mattock
mattockDwarven	*	lotr:dwarven_mattock
mattockMithril	*	lotr:mithril_mattock
mechanism	*	lotr:mechanism
melonSoup	*	lotr:melon_soup
mirkwoodBow	*	lotr:mirkwood_bow
mithril	*	lotr:mithril
mithrilBook	*	lotr:book_of_true_silver
mithrilCrossbow	*	lotr:mithril_crossbow
mithrilMail	*	lotr:mithril_mail
mithrilNugget	*	lotr:mithril_nugget
mithrilRing	*	lotr:mithril_ring
modTemplate	*	lotr:smiths_scroll
morgulBlade	*	lotr:morgul_blade
morgulSteel	*	lotr:morgul_steel_ingot
mug	*	lotr:mug
mugAle	*	lotr:ale
mugAppleJuice	*	lotr:apple_juice
mugAraq	*	lotr:arak
mugAthelasBrew	*	lotr:athelas_brew
mugBananaBeer	*	lotr:banana_beer
mugBlackberryJuice	*	lotr:blackberry_juice
mugBlueberryJuice	*	lotr:blueberry_juice
mugCactusLiqueur	*	lotr:cactus_liqueur
mugCarrotWine	*	lotr:carrot_wine
mugCherryLiqueur	*	lotr:cherry_liqueur
mugChocolate	*	lotr:chocolate
mugCider	*	lotr:cider
mugCornLiquor	*	lotr:corn_liquor
mugCranberryJuice	*	lotr:cranberry_juice
mugDwarvenAle	*	lotr:dwarven_ale
mugDwarvenTonic	*	lotr:dwarven_tonic
mugElderberryJuice	*	lotr:elderberry_juice
mugLemonLiqueur	*	lotr:lemon_liqueur
mugLemonade	*	lotr:lemonade
mugLimeLiqueur	*	lotr:lime_liqueur
mugMangoJuice	*	lotr:mango_juice
mugMapleBeer	*	lotr:maple_beer
mugMead	*	lotr:mead
mugMelonLiqueur	*	lotr:melon_liqueur
mugMilk	*	lotr:milk
mugMiruvor	*	lotr:miruvor
mugMorgulDraught	*	lotr:morgul_draught
mugOrangeJuice	*	lotr:orange_juice
mugOrcDraught	*	lotr:orc_draught
mugPerry	*	lotr:perry
mugPlumKvass	*	lotr:plum_kvass
mugPomegranateJuice	*	lotr:pomegranate_juice
mugPomegranateWine	*	lotr:pomegranate_wine
mugRaspberryJuice	*	lotr:raspberry_juice
mugRedGrapeJuice	*	lotr:red_grape_juice
mugRedWine	*	lotr:red_wine
mugRum	*	lotr:rum
mugSourMilk	*	lotr:soured_milk
mugTauredainCocoa	*	lotr:taurethrim_cocoa
mugTauredainCure	*	lotr:jungle_remedy
mugTermiteTequila	*	lotr:termite_tequila
mugTorogDraught	*	lotr:torog_draught
mugVodka	*	lotr:vodka
mugWater	*	lotr:water
mugWhiteGrapeJuice	*	lotr:green_grape_juice
mugWhiteWine	*	lotr:white_wine
mushroomPie	*	lotr:mushroom_pie
muttonCooked	*	lotr:cooked_mutton
muttonRaw	*	lotr:raw_mutton
mysteryWeb	*	lotr:mystery_web
nauriteGem	*	lotr:durnor
nearHaradBow	*	lotr:harad_bow
npcRespawner	*	lotr:npc_respawner
obsidianShard	*	lotr:obsidian_shard
olive	*	lotr:olives
oliveBread	*	lotr:olive_bread
opal	*	lotr:opal
orange	*	lotr:orange
orcBedItem	*	lotr:orc_bed
orcBone	*	lotr:orc_bone
orcBow	*	lotr:orc_bow
orcSkullStaff	*	lotr:orc_skull_staff
orcSteel	*	lotr:orc_steel_ingot
orcTorchItem	*	lotr:orc_torch
partyHat	*	lotr:party_hat
pear	*	lotr:pear
pearl	*	lotr:pearl
pebble	*	lotr:pebble
pickaxeAngmar	*	lotr:angmar_pickaxe
pickaxeBlueDwarven	*	lotr:blue_dwarven_pickaxe
pickaxeBronze	*	lotr:bronze_pickaxe
pickaxeDolGuldur	*	lotr:dol_guldur_pickaxe
pickaxeDwarven	*	lotr:dwarven_pickaxe
pickaxeElven	*	lotr:galadhrim_pickaxe
pickaxeHighElven	*	lotr:lindon_pickaxe
pickaxeMallorn	*	lotr:mallorn_pickaxe
pickaxeMithril	*	lotr:mithril_pickaxe
pickaxeOrc	*	lotr:mordor_pickaxe
pickaxeRivendell	*	lotr:rivendell_pickaxe
pickaxeTauredain	*	lotr:taurethrim_pickaxe
pickaxeUruk	*	lotr:uruk_pickaxe
pickaxeWoodElven	*	lotr:wood_elven_pickaxe
pikeBlueDwarven	*	lotr:blue_dwarven_pike
pikeDale	*	lotr:dale_pitchfork
pikeDolGuldur	*	lotr:dol_guldur_spike
pikeDwarven	*	lotr:dwarven_pike
pikeGondor	*	lotr:gondor_pike
pikeGundabadUruk	*	lotr:gundabad_uruk_pike
pikeHalfTroll	*	lotr:half_troll_pike
pikeHarad	*	lotr:haradric_pike
pikeIron	*	lotr:iron_pike
pikeNearHarad	*	lotr:umbaric_pike
pikeRhun	*	lotr:rhunic_pike
pikeTauredain	*	lotr:taurethrim_pike
pikeUruk	*	lotr:uruk_pike
pipeweed	*	lotr:pipeweed
pipeweedLeaf	*	lotr:pipeweed_leaf
pipeweedSeeds	*	lotr:pipeweed_seeds
plate	*	lotr:fine_plate
plum	*	lotr:plum
polearmAngmar	*	lotr:angmar_poleaxe
polearmElven	*	lotr:galadhrim_battlestaff
polearmHighElven	*	lotr:lindon_battlestaff
polearmOrc	*	lotr:mordor_warscythe
polearmRhun	*	lotr:rhunic_bardiche
polearmRivendell	*	lotr:rivendell_battlestaff
polearmWoodElven	*	lotr:wood_elven_battlestaff
poleaxeNearHarad	*	lotr:umbaric_poleaxe
pomegranate	*	lotr:pomegranate
quenditeCrystal	*	lotr:edhelvir
rabbitCooked	*	minecraft:cooked_rabbit
rabbitRaw	*	minecraft:rabbit
rabbitStew	*	lotr:rabbit_stew
raisins	*	lotr:raisins
rangerBow	*	lotr:ranger_bow
raspberry	*	lotr:raspberries
redBook	*	lotr:red_book
redClayBall	*	lotr:red_clay_ball
rhinoArmorHalfTroll	*	lotr:half_troll_rhino_armor
rhinoCooked	*	lotr:cooked_rhino
rhinoHorn	*	lotr:rhino_horn
rhinoRaw	*	lotr:raw_rhino
rhunBow	*	lotr:rhunic_bow
rhunFirePot	*	lotr:rhunic_fire_pot
ringil	*	lotr:ringil
rivendellBow	*	lotr:rivendell_bow
rohanBow	*	lotr:rohirric_bow
rollingPin	*	lotr:rolling_pin
ruby	*	lotr:ruby
salt	*	lotr:salt
saltedFlesh	*	lotr:suspicious_meat
saltpeter	*	lotr:niter
sapphire	*	lotr:sapphire
sauronMace	*	lotr:sauron_mace
scimitarBlackUruk	*	lotr:black_uruk_cleaver
scimitarHalfTroll	*	lotr:half_troll_scimitar
scimitarNearHarad	*	lotr:umbaric_scimitar
scimitarOrc	*	lotr:mordor_scimitar
scimitarUruk	*	lotr:uruk_cleaver
scimitarUrukBerserker	*	lotr:uruk_berserker_cleaver
seedsGrapeRed	*	lotr:red_grape_seeds
seedsGrapeWhite	*	lotr:green_grape_seeds
shishKebab	*	lotr:shish_kebab
shovelAngmar	*	lotr:angmar_shovel
shovelBlueDwarven	*	lotr:blue_dwarven_shovel
shovelBronze	*	lotr:bronze_shovel
shovelDolGuldur	*	lotr:dol_guldur_shovel
shovelDwarven	*	lotr:dwarven_shovel
shovelElven	*	lotr:galadhrim_shovel
shovelHighElven	*	lotr:lindon_shovel
shovelMallorn	*	lotr:mallorn_shovel
shovelMithril	*	lotr:mithril_shovel
shovelOrc	*	lotr:mordor_shovel
shovelRivendell	*	lotr:rivendell_shovel
shovelTauredain	*	lotr:taurethrim_shovel
shovelUruk	*	lotr:uruk_shovel
shovelWoodElven	*	lotr:wood_elven_shovel
silver	*	lotr:silver_ingot
silverNugget	*	lotr:silver_nugget
silverRing	*	lotr:silver_ring
skullCup	*	lotr:skull_cup
sling	*	lotr:sling
spawnEgg	*	lotr:deer_spawn_egg
spearAngmar	*	lotr:angmar_spear
spearArnor	*	lotr:arnor_spear
spearBlackNumenorean	*	lotr:black_numenorean_spear
spearBlackUruk	*	lotr:black_uruk_spear
spearBladorthin	*	lotr:bladorthin_spear
spearBlueDwarven	*	lotr:blue_dwarven_spear
spearBronze	*	lotr:bronze_spear
spearCorsair	*	lotr:corsair_harpoon
spearDale	*	lotr:dale_spear
spearDolGuldur	*	lotr:dol_guldur_spear
spearDwarven	*	lotr:dwarven_spear
spearElven	*	lotr:galadhrim_spear
spearGondor	*	lotr:gondor_spear
spearGundabadUruk	*	lotr:gundabad_uruk_spear
spearHarad	*	lotr:haradric_spear
spearHighElven	*	lotr:lindon_spear
spearIron	*	lotr:iron_spear
spearMithril	*	lotr:mithril_spear
spearMoredain	*	lotr:morwaith_spear
spearNearHarad	*	lotr:umbaric_spear
spearOrc	*	lotr:mordor_spear
spearRhun	*	lotr:rhunic_spear
spearRivendell	*	lotr:rivendell_spear
spearRohan	*	lotr:rohirric_spear
spearStone	*	lotr:stone_spear
spearTauredain	*	lotr:taurethrim_spear
spearUruk	*	lotr:uruk_spear
spearUtumno	*	lotr:utumno_spear
spearWoodElven	*	lotr:wood_elven_spear
sting	*	lotr:sting
strawBedItem	*	lotr:straw_bed
structureSpawner	*	lotr:structure_spawner
sulfur	*	lotr:sulfur
sulfurMatch	*	lotr:sulfur_match
swanFeather	*	lotr:swan_feather
swordAngmar	*	lotr:angmar_sword
swordArnor	*	lotr:arnor_sword
swordBlackNumenorean	*	lotr:black_numenorean_sword
swordBlueDwarven	*	lotr:blue_dwarven_sword
swordBronze	*	lotr:bronze_sword
swordCorsair	*	lotr:corsair_eket
swordDale	*	lotr:dale_sword
swordDolAmroth	*	lotr:dol_amroth_sword
swordDolGuldur	*	lotr:dol_guldur_sword
swordDorwinionElf	*	lotr:dorwinion_elven_sword
swordDwarven	*	lotr:dwarven_sword
swordElven	*	lotr:galadhrim_sword
swordGondolin	*	lotr:gondolin_sword
swordGondor	*	lotr:gondor_sword
swordGulfHarad	*	lotr:gulfen_khopesh
swordGundabadUruk	*	lotr:gundabad_uruk_cleaver
swordHarad	*	lotr:haradric_sword
swordHighElven	*	lotr:lindon_sword
swordMallorn	*	lotr:mallorn_sword
swordMithril	*	lotr:mithril_sword
swordMoredain	*	lotr:morwaith_sword
swordPelargir	*	lotr:pelargir_eket
swordRhun	*	lotr:rhunic_sword
swordRivendell	*	lotr:rivendell_sword
swordRohan	*	lotr:rohirric_sword
swordTauredain	*	lotr:taurethrim_sword
swordUtumno	*	lotr:utumno_sword
swordWoodElven	*	lotr:wood_elven_sword
tauredainAmulet	*	lotr:taurethrim_amulet
tauredainBlowgun	*	lotr:taurethrim_blowgun
tauredainDart	*	lotr:taurethrim_dart
tauredainDartPoisoned	*	lotr:poisoned_taurethrim_dart
tauredainDoubleTorchItem	*	lotr:tauredain_double_torch
termite	*	lotr:exploding_termite
throwingAxeBlueDwarven	*	lotr:blue_dwarven_throwing_axe
throwingAxeBronze	*	lotr:bronze_throwing_axe
throwingAxeDwarven	*	lotr:dwarven_throwing_axe
throwingAxeIron	*	lotr:iron_throwing_axe
throwingAxeLossarnach	*	lotr:lossarnach_throwing_axe
tin	*	lotr:tin_ingot
topaz	*	lotr:topaz
torogStew	*	lotr:torog_stew
tridentPelargir	*	lotr:pelargir_trident
trollBone	*	lotr:troll_bone
trollStatue	0	lotr:troll_statue
trollStatue	1	lotr:troll_statue
trollStatue	2	lotr:troll_statue
turnip	*	lotr:turnip
turnipCooked	*	lotr:roast_turnip
urukCrossbow	*	lotr:uruk_crossbow
urukSteel	*	lotr:uruk_steel_ingot
utumnoBow	*	lotr:utumno_bow
utumnoKey	0	lotr:key_of_ice
utumnoKey	1	lotr:key_of_obsidian
utumnoKey	2	lotr:ice_key_handle
utumnoKey	3	lotr:ice_key_shaft
utumnoKey	4	lotr:ice_key_pin
utumnoKey	5	lotr:ice_key_handle
utumnoKey	6	lotr:ice_key_shaft
utumnoKey	7	lotr:ice_key_pin
utumnoPickaxe	*	lotr:utumno_pickaxe
wargArmorAngmar	*	lotr:angmar_warg_armor
wargArmorMordor	*	lotr:mordor_warg_armor
wargArmorUruk	*	lotr:isengard_warg_armor
wargBone	*	lotr:warg_bone
fur	*	lotr:fur
furBedItem	*	lotr:fur_bed
wargskinRug	*	lotr:brown_wargskin_rug
waterskin	*	lotr:waterskin
wildberry	*	lotr:wildberries
wineGlass	*	lotr:wine_glass
woodElvenBedItem	*	lotr:wood_elven_bed
woodPlate	*	lotr:wooden_plate
yam	*	lotr:yam
yamRoast	*	lotr:roast_yam
zebraCooked	*	lotr:cooked_zebra
zebraRaw	*	lotr:raw_zebra
