port_path (no reference found; animated/CTM/programmatic use possible)
src/main/resources/assets/lotr/textures/block/dried_reeds_lower.png
src/main/resources/assets/lotr/textures/block/reeds_lower.png
src/main/resources/assets/lotr/textures/entity/bree/bree_male/11.png
src/main/resources/assets/lotr/textures/entity/bree/bree_male/12.png
src/main/resources/assets/lotr/textures/entity/bree/bree_male/13.png
src/main/resources/assets/lotr/textures/entity/bree/bree_male/14.png
src/main/resources/assets/lotr/textures/entity/bree/bree_male/15.png
src/main/resources/assets/lotr/textures/entity/bree/bree_male/17.png
src/main/resources/assets/lotr/textures/entity/bree/bree_male/18.png
src/main/resources/assets/lotr/textures/entity/bree/bree_male/19.png
src/main/resources/assets/lotr/textures/entity/bree/bree_male/20.png
src/main/resources/assets/lotr/textures/entity/bree/bree_male/21.png
src/main/resources/assets/lotr/textures/entity/bree/bree_male/23.png
src/main/resources/assets/lotr/textures/entity/bree/bree_male/24.png
src/main/resources/assets/lotr/textures/entity/bree/bree_male/25.png
src/main/resources/assets/lotr/textures/entity/bree/bree_male/26.png
src/main/resources/assets/lotr/textures/entity/bree/bree_male/27.png
src/main/resources/assets/lotr/textures/entity/bree/bree_male/28.png
src/main/resources/assets/lotr/textures/entity/bree/bree_male/29.png
src/main/resources/assets/lotr/textures/entity/bree/bree_male/9.png
src/main/resources/assets/lotr/textures/entity/elf/dorwinion_vintner_cape.png
src/main/resources/assets/lotr/textures/entity/elf/galadhrim_smith_cape.png
src/main/resources/assets/lotr/textures/entity/elf/high_elf_female/9.png
src/main/resources/assets/lotr/textures/entity/elf/high_elf_male/11.png
src/main/resources/assets/lotr/textures/entity/elf/high_elf_male/12.png
src/main/resources/assets/lotr/textures/entity/elf/high_elf_male/13.png
src/main/resources/assets/lotr/textures/entity/elf/high_elf_male/14.png
src/main/resources/assets/lotr/textures/entity/elf/high_elf_male/15.png
src/main/resources/assets/lotr/textures/entity/elf/high_elf_male/17.png
src/main/resources/assets/lotr/textures/entity/elf/high_elf_male/9.png
src/main/resources/assets/lotr/textures/entity/elf/high_elf_smith_cape.png
src/main/resources/assets/lotr/textures/entity/elf/rivendell_smith_cape.png
src/main/resources/assets/lotr/textures/entity/elf/wood_elf_smith_cape.png
src/main/resources/assets/lotr/textures/entity/gondor/gondor_female/11.png
src/main/resources/assets/lotr/textures/entity/gondor/gondor_female/12.png
src/main/resources/assets/lotr/textures/entity/gondor/gondor_female/13.png
src/main/resources/assets/lotr/textures/entity/gondor/gondor_female/9.png
src/main/resources/assets/lotr/textures/entity/gondor/gondor_male/9.png
src/main/resources/assets/lotr/textures/entity/hobbit/hobbit_female/11.png
src/main/resources/assets/lotr/textures/entity/hobbit/hobbit_female/12.png
src/main/resources/assets/lotr/textures/entity/hobbit/hobbit_female/9.png
src/main/resources/assets/lotr/textures/entity/hobbit/hobbit_male/11.png
src/main/resources/assets/lotr/textures/entity/hobbit/hobbit_male/12.png
src/main/resources/assets/lotr/textures/entity/hobbit/hobbit_male/9.png
src/main/resources/assets/lotr/textures/entity/legacy_horse/horse_black.png
src/main/resources/assets/lotr/textures/entity/legacy_horse/horse_brown.png
src/main/resources/assets/lotr/textures/entity/legacy_horse/horse_chestnut.png
src/main/resources/assets/lotr/textures/entity/legacy_horse/horse_creamy.png
src/main/resources/assets/lotr/textures/entity/legacy_horse/horse_darkbrown.png
src/main/resources/assets/lotr/textures/entity/legacy_horse/horse_gray.png
src/main/resources/assets/lotr/textures/entity/legacy_horse/horse_white.png
src/main/resources/assets/lotr/textures/entity/troll/outfit_0.png
src/main/resources/assets/lotr/textures/entity/troll/outfit_1.png
src/main/resources/assets/lotr/textures/entity/troll/outfit_2.png
